GROUP_SET,GROUP_ID,lineup,TEAM_ID,team,GP,W,L,W_PCT,minutes,E_OFF_RATING,off_rtg,E_DEF_RATING,def_rtg,E_NET_RATING,net_rtg,AST_PCT,AST_TO,AST_RATIO,OREB_PCT,DREB_PCT,REB_PCT,TM_TOV_PCT,EFG_PCT,TS_PCT,E_PACE,PACE,PACE_PER40,POSS,PIE,GP_RANK,W_RANK,L_RANK,W_PCT_RANK,MIN_RANK,OFF_RATING_RANK,DEF_RATING_RANK,NET_RATING_RANK,AST_PCT_RANK,AST_TO_RANK,AST_RATIO_RANK,OREB_PCT_RANK,DREB_PCT_RANK,REB_PCT_RANK,TM_TOV_PCT_RANK,EFG_PCT_RANK,TS_PCT_RANK,PACE_RANK,PIE_RANK,SUM_TIME_PLAYED
Lineups,-203484-203932-203999-1627750-1629008-,K. Caldwell-Pope - A. Gordon - N. Jokic - J. Murray - M. Porter Jr.,1610612743,DEN,48,37,11,0.771,958.0,124.4,125.9,111.6,112.3,12.8,13.6,0.646,2.7,21.6,0.32,0.749,0.543,0.117,0.597,0.626,98.2,97.39,81.15,1952,0.57,3,2,15844,5057,1,4531,8753,5633,6593,1796,4329,5615,7134,5402,8726,5427,5607,11690,5872,2875250
Lineups,-1628983-1629652-1630581-1631096-1631114-,S. Gilgeous-Alexander - L. Dort - J. Giddey - C. Holmgren - J. Williams,1610612760,OKC,63,46,17,0.73,799.0,119.3,119.8,109.1,109.5,10.2,10.2,0.639,2.65,21.1,0.217,0.697,0.475,0.111,0.589,0.618,103.9,103.48,86.23,1718,0.55,1,1,15890,5292,2,5495,8442,5913,6652,1862,4570,7505,7785,8687,8324,5547,5909,8767,6250,2397785
Lineups,-1627832-1628415-1630224-1630578-1631095-,F. VanVleet - D. Brooks - J. Green - A. Sengun - J. Smith Jr.,1610612745,HOU,45,23,22,0.511,754.0,110.8,112.2,111.7,111.7,-0.9,0.4,0.662,2.24,20.0,0.256,0.744,0.505,0.125,0.541,0.569,100.8,100.16,83.47,1570,0.499,5,18,15896,6303,3,6424,8695,6661,6514,2308,4884,6417,7144,6082,9334,6659,7223,10464,7492,2262135
Lineups,-203084-1627734-1628368-1628989-1631099-,H. Barnes - D. Sabonis - D. Fox - K. Huerter - K. Murray,1610612758,SAC,46,27,19,0.587,669.0,118.8,119.9,113.3,113.9,5.5,6.1,0.68,2.73,22.1,0.22,0.784,0.498,0.115,0.594,0.614,104.0,103.33,86.11,1436,0.515,4,11,15895,6173,4,5492,8980,6292,5434,1789,4211,7488,6048,8376,8676,5454,6072,8848,6907,2006820
Lineups,-201144-203497-1626157-1630162-1630183-,M. Conley - R. Gobert - K. Towns - A. Edwards - J. McDaniels,1610612750,MIN,45,31,14,0.689,641.0,116.3,118.7,110.2,110.8,6.2,7.9,0.619,1.74,19.5,0.29,0.733,0.527,0.156,0.584,0.618,98.4,97.12,80.93,1300,0.547,5,5,15879,5373,5,5579,8574,6140,6924,3756,5906,5927,7257,5765,10486,5588,5896,11786,6288,1922410
Lineups,-201950-204001-1627759-1628369-1628401-,J. Holiday - K. Porzingis - J. Brown - J. Tatum - D. White,1610612738,BOS,37,28,9,0.757,623.0,120.8,120.3,108.7,109.4,12.0,11.0,0.609,2.21,19.7,0.25,0.734,0.513,0.123,0.595,0.627,101.4,101.31,84.43,1317,0.563,15,8,15795,5068,6,5248,8417,5866,6999,2322,5856,7183,7212,6008,8907,5448,5579,9916,5980,1868395
Lineups,-201572-203081-203114-203507-1627736-,B. Lopez - D. Lillard - K. Middleton - G. Antetokounmpo - M. Beasley,1610612749,MIL,39,25,14,0.641,599.0,122.3,122.0,106.9,106.9,15.5,15.1,0.619,2.44,20.3,0.241,0.756,0.523,0.115,0.604,0.63,104.2,104.32,86.94,1302,0.581,13,15,15879,5943,7,5129,8135,5512,6911,2112,4855,7211,6339,5849,8677,5181,5527,8354,5661,1795815
Lineups,-201935-202331-202695-1627826-1629611-,J. Harden - P. George - K. Leonard - I. Zubac - T. Mann,1610612746,LAC,41,28,13,0.683,593.0,119.1,119.5,109.5,109.5,9.7,10.0,0.625,2.08,19.7,0.293,0.724,0.522,0.134,0.581,0.613,94.8,94.64,78.86,1170,0.554,9,8,15875,5380,8,5505,8430,5978,6901,2414,5840,5913,7349,5880,9572,5773,6084,12720,6176,1777980
Lineups,-1626145-1628398-1629655-1629673-1630166-,T. Jones - K. Kuzma - D. Gafford - J. Poole - D. Avdija,1610612764,WAS,42,9,33,0.214,577.0,113.7,114.9,115.0,116.0,-1.3,-1.1,0.645,2.48,20.9,0.225,0.685,0.465,0.118,0.563,0.588,106.0,104.96,87.47,1249,0.493,8,164,15901,8906,9,6033,9275,8359,6596,2096,4673,7361,7929,8898,8809,6116,6741,8044,7545,1729975
Lineups,-201142-203078-203994-1626164-1628960-,K. Durant - B. Beal - J. Nurkic - D. Booker - G. Allen,1610612756,PHX,35,23,12,0.657,503.0,123.4,124.5,113.5,113.4,9.9,11.1,0.669,2.31,22.5,0.268,0.759,0.527,0.14,0.626,0.647,101.2,100.8,84.0,1051,0.545,20,18,15864,5927,10,4909,8946,5860,5465,2245,3871,6304,6319,5768,9685,4623,5154,10170,6345,1508640
Lineups,-1626167-1627783-1629614-1630169-1630174-,M. Turner - P. Siakam - A. Nembhard - T. Haliburton - A. Nesmith,1610612754,IND,25,15,10,0.6,444.0,113.2,113.6,107.3,107.2,5.8,6.4,0.702,2.64,22.1,0.176,0.746,0.48,0.116,0.571,0.599,102.5,102.35,85.29,949,0.541,40,41,15824,6018,12,6229,8180,6269,5241,1864,4218,8188,7139,8598,8707,6024,6466,9401,6410,1331710
Lineups,-202704-203484-203932-203999-1629008-,R. Jackson - K. Caldwell-Pope - A. Gordon - N. Jokic - M. Porter Jr.,1610612743,DEN,55,37,18,0.673,444.0,112.9,111.1,109.1,105.3,3.8,5.8,0.707,2.39,21.0,0.264,0.783,0.518,0.125,0.548,0.578,102.2,104.85,87.38,979,0.523,2,2,15893,5382,11,6497,8000,6299,5217,2151,4651,6352,6050,5937,8925,6516,7009,8096,6780,1332140
Lineups,-201942-202696-1627936-1629632-1630245-,D. DeRozan - N. Vucevic - A. Caruso - C. White - A. Dosunmu,1610612741,CHI,30,15,15,0.5,433.0,107.5,105.7,108.0,108.5,-0.4,-2.8,0.676,2.33,19.4,0.199,0.707,0.463,0.113,0.52,0.562,100.0,100.63,83.86,912,0.505,29,41,15886,6304,13,7140,8307,8485,5452,2241,5927,8047,7658,8922,8653,7012,7509,10234,7078,1299995
Lineups,-202685-203468-1627742-1629627-1630529-,J. Valančiūnas - C. McCollum - B. Ingram - Z. Williamson - H. Jones,1610612740,NOP,41,25,16,0.61,424.0,115.3,115.2,115.6,116.2,-0.2,-1.1,0.647,2.1,20.5,0.282,0.76,0.527,0.139,0.574,0.599,103.0,102.78,85.65,909,0.508,9,15,15888,6016,14,6009,9282,8347,6577,2405,4814,6164,6306,5764,9657,5877,6465,9261,7040,1270775
Lineups,-1630170-1630200-1630577-1631110-1641705-,D. Vassell - T. Jones - J. Champagnie - J. Sochan - V. Wembanyama,1610612759,SAS,37,10,27,0.27,404.0,113.6,113.8,111.0,110.5,2.6,3.3,0.77,2.23,22.8,0.258,0.766,0.516,0.148,0.569,0.6,103.1,103.29,86.08,872,0.53,15,128,15899,8699,15,6210,8546,6483,4269,2310,3791,6413,6252,5956,10258,6047,6454,8863,6632,1212185
Lineups,-2544-203076-1626156-1629060-1630559-,L. James - A. Davis - D. Russell - R. Hachimura - A. Reaves,1610612747,LAL,25,19,6,0.76,389.0,116.8,116.0,110.3,110.5,6.5,5.5,0.691,2.27,22.9,0.211,0.754,0.512,0.142,0.61,0.631,102.4,102.6,85.5,837,0.556,40,26,15552,5067,16,5927,8562,6323,5372,2264,3779,7558,6346,6017,9712,5107,5503,9298,6090,1166310
Lineups,-1628378-1628386-1629622-1629636-1630596-,D. Mitchell - J. Allen - M. Strus - D. Garland - E. Mobley,1610612739,CLE,28,18,10,0.643,368.0,113.0,112.7,110.5,111.3,2.5,1.4,0.649,1.99,20.7,0.272,0.728,0.507,0.147,0.571,0.596,101.2,100.95,84.12,777,0.523,32,28,15824,5936,17,6300,8675,6594,6572,3555,4736,6289,7267,6072,10241,6023,6538,10106,6765,1103385
Lineups,-203471-1627751-1627783-1628384-1630567-,D. Schroder - J. Poeltl - P. Siakam - O. Anunoby - S. Barnes,1610612761,TOR,27,11,16,0.407,366.0,112.6,112.5,113.8,113.4,-1.1,-0.9,0.697,2.37,21.8,0.256,0.755,0.511,0.131,0.561,0.583,100.6,100.85,84.04,770,0.51,35,99,15888,7958,18,6416,8945,8339,5317,2163,4276,6422,6342,6026,9426,6236,6868,10146,7006,1099455
Lineups,-203915-1627827-1628969-1629651-1629661-,S. Dinwiddie - D. Finney-Smith - M. Bridges - N. Claxton - C. Johnson,1610612751,BKN,27,10,17,0.37,313.0,114.1,113.9,107.5,106.9,6.6,7.0,0.647,2.49,18.7,0.3,0.745,0.514,0.107,0.523,0.553,96.4,96.76,80.63,625,0.523,35,128,15890,8118,19,6198,8132,6213,6576,2095,6269,5866,7140,5990,8279,6970,7670,11924,6761,939815
Lineups,-201143-201950-1627759-1628369-1628401-,A. Horford - J. Holiday - J. Brown - J. Tatum - D. White,1610612738,BOS,32,27,5,0.844,311.0,120.8,118.5,115.3,115.8,5.4,2.7,0.665,2.69,20.3,0.195,0.742,0.477,0.103,0.595,0.627,101.2,102.01,85.01,661,0.525,26,11,15354,4877,20,5595,9250,6518,6508,1797,4855,8051,7152,8640,8157,5451,5580,9554,6724,931650
Lineups,-203914-1628976-1630532-1630591-1631094-,G. Harris - W. Carter Jr. - F. Wagner - J. Suggs - P. Banchero,1610612753,ORL,21,16,5,0.762,300.0,115.1,114.7,101.9,102.1,13.3,12.5,0.606,1.76,18.9,0.226,0.822,0.523,0.145,0.583,0.614,98.2,98.3,81.92,614,0.565,66,35,15354,5066,21,6048,7775,5718,7017,3692,6128,7356,5361,5854,10217,5762,6074,11291,5945,899425
Lineups,-201572-203081-203109-203507-1627736-,B. Lopez - D. Lillard - J. Crowder - G. Antetokounmpo - M. Beasley,1610612749,MIL,24,15,9,0.625,293.0,119.5,119.9,105.8,104.3,13.7,15.6,0.574,2.26,18.3,0.235,0.776,0.516,0.11,0.58,0.611,102.7,103.31,86.09,629,0.554,45,41,15795,5964,22,5494,7899,5470,7565,2266,6356,7265,6178,5972,8315,5782,6109,8860,6182,880255
Lineups,-203991-1627749-1629027-1630180-1630552-,C. Capela - D. Murray - T. Young - S. Bey - J. Johnson,1610612737,ATL,21,9,12,0.429,289.0,107.9,108.4,120.8,120.7,-12.9,-12.4,0.614,1.63,17.3,0.344,0.709,0.513,0.152,0.503,0.537,106.1,105.92,88.26,633,0.428,66,164,15864,7914,23,6854,9992,9252,6977,3919,6923,4449,7648,5999,10345,7109,8035,7540,8784,866040
Lineups,-1628365-1628976-1630532-1630591-1631094-,M. Fultz - W. Carter Jr. - F. Wagner - J. Suggs - P. Banchero,1610612753,ORL,19,12,7,0.632,280.0,108.1,110.1,104.8,105.5,3.3,4.6,0.611,1.95,18.8,0.276,0.792,0.522,0.135,0.537,0.557,101.0,99.77,83.14,586,0.517,87,79,15669,5961,24,6619,8007,6393,6981,3562,6145,6200,5952,5881,9580,6731,7571,10659,6888,841450
Lineups,-1629048-1630532-1630591-1631094-1641710-,G. Bitadze - F. Wagner - J. Suggs - P. Banchero - A. Black,1610612753,ORL,22,14,8,0.636,274.0,110.9,113.3,102.8,104.1,8.1,9.2,0.585,1.59,18.1,0.318,0.771,0.547,0.159,0.55,0.585,104.4,102.65,85.54,586,0.558,59,55,15743,5944,25,6269,7886,6018,7483,3968,6671,5643,6198,5277,10545,6417,6787,9283,6078,820645
Lineups,-203084-1627734-1628368-1631099-1631165-,H. Barnes - D. Sabonis - D. Fox - K. Murray - K. Ellis,1610612758,SAC,24,11,13,0.458,261.0,106.1,107.0,107.0,105.8,-1.0,1.2,0.709,2.0,19.2,0.293,0.762,0.519,0.138,0.503,0.534,97.3,97.42,81.18,528,0.505,45,99,15875,7887,26,7027,8040,6610,5209,2425,5972,5910,6287,5916,9653,7108,8087,11676,7080,784140
Lineups,-1627739-1628374-1628381-1629012-1631323-,K. Dunn - L. Markkanen - J. Collins - C. Sexton - S. Fontecchio,1610612762,UTA,20,13,7,0.65,256.0,124.2,125.9,119.5,121.6,4.7,4.3,0.722,3.0,23.4,0.303,0.764,0.532,0.116,0.6,0.628,105.1,103.45,86.21,553,0.524,74,66,15669,5930,27,4532,10067,6407,5005,1099,3594,5775,6280,5689,8705,5197,5575,8784,6760,768350
Lineups,-2544-203076-1626156-1627752-1630559-,L. James - A. Davis - D. Russell - T. Prince - A. Reaves,1610612747,LAL,34,20,14,0.588,243.0,116.1,114.5,117.7,116.9,-1.6,-2.4,0.681,2.79,20.6,0.257,0.723,0.493,0.104,0.552,0.59,104.0,105.12,87.6,539,0.516,22,25,15879,6172,28,6059,9504,8452,5424,1769,4764,6416,7351,8397,8187,6406,6686,7958,6893,729485
Lineups,-1628378-1628386-1629622-1629731-1630171-,D. Mitchell - J. Allen - M. Strus - D. Wade - I. Okoro,1610612739,CLE,22,17,5,0.773,232.0,122.7,121.4,100.6,101.8,22.1,19.6,0.659,2.67,20.6,0.308,0.763,0.537,0.111,0.582,0.611,102.5,102.44,85.36,495,0.594,59,31,15354,5056,29,5186,7765,5105,6519,1799,4800,5715,6285,5584,8326,5766,6129,9355,5450,696540
Lineups,-201939-203110-203952-1630228-1641764-,S. Curry - D. Green - A. Wiggins - J. Kuminga - B. Podziemski,1610612744,GSW,24,13,11,0.542,232.0,119.8,117.3,105.2,105.0,14.6,12.3,0.716,3.24,22.3,0.244,0.75,0.51,0.099,0.577,0.601,102.1,103.24,86.03,497,0.574,45,66,15844,6276,30,5705,7976,5776,5019,1070,3895,7196,6347,6046,7894,5852,6341,8891,5763,694645
Lineups,-203471-1627827-1628969-1629651-1630560-,D. Schroder - D. Finney-Smith - M. Bridges - N. Claxton - C. Thomas,1610612751,BKN,17,6,11,0.353,228.0,111.1,110.1,113.6,116.0,-2.5,-5.9,0.668,2.69,20.1,0.242,0.717,0.473,0.105,0.536,0.557,96.0,95.47,79.56,457,0.48,117,376,15844,8126,32,6621,9268,8729,5466,1798,4882,7205,7410,8737,8194,6740,7595,12420,7765,684795
Lineups,-203944-1628973-1629011-1629628-1629656-,J. Randle - J. Brunson - M. Robinson - R. Barrett - Q. Grimes,1610612752,NYK,14,9,5,0.643,228.0,108.5,111.2,106.7,104.8,1.8,6.4,0.553,1.64,16.2,0.29,0.7,0.495,0.135,0.523,0.56,100.5,100.13,83.44,473,0.508,183,164,15354,5936,31,6496,7954,6266,7860,3911,7910,5925,7696,8381,9592,6980,7528,10470,7046,685250
Lineups,-201942-202696-203897-1627936-1629632-,D. DeRozan - N. Vucevic - Z. LaVine - A. Caruso - C. White,1610612741,CHI,18,8,10,0.444,227.0,106.9,106.6,111.7,109.4,-4.8,-2.9,0.648,1.76,18.6,0.169,0.715,0.455,0.14,0.544,0.582,99.2,100.39,83.66,472,0.472,99,219,15824,7891,33,7071,8426,8490,6574,3695,6274,8203,7414,9073,9684,6590,6898,10358,7896,680595
Lineups,-203915-1628969-1629651-1629661-1630560-,S. Dinwiddie - M. Bridges - N. Claxton - C. Johnson - C. Thomas,1610612751,BKN,24,10,14,0.417,224.0,105.3,105.6,124.2,122.7,-18.9,-17.0,0.626,2.13,18.5,0.188,0.681,0.42,0.117,0.52,0.549,101.7,102.17,85.14,478,0.398,45,128,15879,7950,34,7142,10191,9719,6773,2387,6283,8078,7967,10015,8728,7006,7779,9479,9323,672305
Lineups,-201142-201569-203994-1626164-1628960-,K. Durant - E. Gordon - J. Nurkic - D. Booker - G. Allen,1610612756,PHX,36,26,10,0.722,220.0,115.0,115.1,103.0,102.8,12.1,12.3,0.683,2.06,21.7,0.225,0.74,0.527,0.146,0.605,0.634,102.7,102.8,85.66,471,0.598,18,14,15824,5300,35,6013,7806,5775,5416,2421,4322,7362,7169,5769,10238,5164,5453,9257,5398,659785
Lineups,-201587-202699-203954-1629001-1630178-,N. Batum - T. Harris - J. Embiid - D. Melton - T. Maxey,1610612755,PHI,14,12,2,0.857,219.0,136.1,135.2,102.2,101.3,33.9,34.0,0.658,3.22,21.6,0.318,0.769,0.566,0.097,0.623,0.672,102.9,103.73,86.44,474,0.657,183,79,12377,4848,36,3504,7748,3877,6523,1071,4330,5627,6242,4894,7871,4938,4515,8647,4507,656645
Lineups,-201144-203497-1629675-1630162-1630183-,M. Conley - R. Gobert - N. Reid - A. Edwards - J. McDaniels,1610612750,MIN,41,30,11,0.732,200.0,104.5,102.1,103.7,102.1,0.9,0.0,0.617,1.54,17.6,0.228,0.702,0.478,0.153,0.541,0.563,99.7,101.64,84.7,425,0.517,9,6,15844,5290,37,7330,7776,8295,6928,3992,6843,7335,7694,8637,10352,6656,7399,9755,6887,601435
Lineups,-1628392-1628404-1628973-1628978-1630173-,I. Hartenstein - J. Hart - J. Brunson - D. DiVincenzo - P. Achiuwa,1610612752,NYK,12,8,4,0.667,189.0,118.8,119.5,112.4,113.0,6.4,6.4,0.605,2.2,18.9,0.33,0.726,0.525,0.124,0.544,0.578,94.3,93.77,78.14,370,0.553,265,219,15028,5383,38,5506,8897,6265,7023,2346,6129,5585,7333,5801,8923,6589,7007,13026,6190,566675
Lineups,-1627832-1628415-1630224-1631095-1641708-,F. VanVleet - D. Brooks - J. Green - J. Smith Jr. - A. Thompson,1610612745,HOU,15,9,6,0.6,183.0,121.3,122.3,116.8,117.5,4.5,4.8,0.611,2.62,20.6,0.251,0.742,0.488,0.11,0.594,0.616,101.2,100.46,83.71,381,0.512,154,164,15552,6018,39,5045,9534,6376,6981,1868,4799,6430,7151,8444,8321,5479,5942,10346,6960,547585
Lineups,-202710-1626179-1628389-1629130-1631107-,J. Butler - T. Rozier - B. Adebayo - D. Robinson - N. Jovic,1610612748,MIA,14,7,7,0.5,181.0,111.1,109.1,115.4,115.8,-4.3,-6.8,0.677,2.5,20.8,0.14,0.785,0.464,0.112,0.561,0.589,98.6,99.3,82.75,375,0.476,183,280,15669,6304,40,6812,9262,8801,5443,1906,4679,8714,6043,8913,8647,6240,6719,10901,7832,542340
Lineups,-203944-1628384-1628392-1628973-1628978-,J. Randle - O. Anunoby - I. Hartenstein - J. Brunson - D. DiVincenzo,1610612752,NYK,10,9,1,0.9,180.0,124.7,126.6,110.4,110.0,14.4,16.6,0.665,2.13,21.2,0.284,0.78,0.544,0.142,0.617,0.651,102.3,101.73,84.77,380,0.556,388,164,4804,4812,41,4488,8458,5413,6510,2386,4545,6159,6067,5398,9711,4986,5088,9684,6088,538620
Lineups,-203991-1627749-1629027-1629631-1630180-,C. Capela - D. Murray - T. Young - D. Hunter - S. Bey,1610612737,ATL,16,8,8,0.5,177.0,118.5,118.4,116.2,115.5,2.3,2.9,0.577,2.2,17.9,0.354,0.724,0.524,0.118,0.539,0.569,106.1,106.49,88.74,391,0.503,133,219,15743,6304,42,5597,9235,6507,7555,2346,6704,4391,7337,5844,8729,6674,7225,7309,7101,530735
Lineups,-202681-1627884-1629023-1629029-1629655-,K. Irving - D. Jones Jr. - P. Washington - L. Doncic - D. Gafford,1610612742,DAL,17,15,2,0.882,176.0,116.1,115.2,101.3,99.7,14.7,15.5,0.609,2.21,19.9,0.245,0.804,0.521,0.126,0.579,0.593,103.0,104.15,86.79,381,0.559,117,41,12377,4833,43,6005,5906,5477,6998,2323,5821,7191,5501,5891,9338,5803,6630,8430,6058,526800
Lineups,-1627832-1630224-1630256-1630578-1631095-,F. VanVleet - J. Green - J. Tate - A. Sengun - J. Smith Jr.,1610612745,HOU,21,10,11,0.476,175.0,109.6,110.6,115.4,113.2,-5.9,-2.5,0.616,2.37,18.8,0.199,0.741,0.465,0.106,0.537,0.57,98.7,99.19,82.66,357,0.472,66,128,15844,7876,44,6589,8912,8458,6933,2162,6152,8046,7158,8892,8252,6732,7217,10922,7895,524075
Lineups,-203991-1627749-1629027-1629631-1630552-,C. Capela - D. Murray - T. Young - D. Hunter - J. Johnson,1610612737,ATL,14,7,7,0.5,172.0,115.1,113.0,117.2,119.0,-2.1,-6.1,0.569,1.81,17.0,0.287,0.661,0.467,0.13,0.53,0.571,103.8,103.97,86.64,370,0.476,183,280,15669,6304,46,6283,9666,8740,7739,3652,7010,5938,9146,8833,9394,6851,7189,8509,7809,514515
Lineups,-1628392-1628404-1628973-1628978-1630540-,I. Hartenstein - J. Hart - J. Brunson - D. DiVincenzo - M. McBride,1610612752,NYK,14,7,7,0.5,172.0,136.3,138.2,106.9,107.1,29.4,31.1,0.665,3.9,23.6,0.288,0.694,0.5,0.089,0.663,0.679,95.2,94.51,78.76,338,0.625,183,280,15669,6304,45,3286,8141,4199,6509,874,3508,5936,7813,6096,7542,4163,4389,12765,4960,515765
Lineups,-1626167-1627741-1628971-1630167-1630169-,M. Turner - B. Hield - B. Brown - O. Toppin - T. Haliburton,1610612754,IND,17,9,8,0.529,171.0,130.6,134.0,115.2,114.1,15.4,19.9,0.711,3.21,24.3,0.275,0.793,0.545,0.111,0.643,0.67,106.9,106.04,88.36,377,0.579,117,164,15743,6294,47,3550,8990,5096,5204,1072,3366,6209,5946,5392,8646,4356,4533,7497,5692,511980
Lineups,-1627751-1629018-1629628-1630193-1630567-,J. Poeltl - G. Trent Jr. - R. Barrett - I. Quickley - S. Barnes,1610612761,TOR,10,4,6,0.4,164.0,118.9,119.4,107.8,109.2,11.1,10.3,0.669,2.87,21.0,0.317,0.728,0.518,0.107,0.555,0.582,104.0,103.17,85.98,355,0.552,388,709,15552,7959,48,5510,8407,5912,5464,1735,4660,5646,7266,5936,8255,6381,6897,8920,6207,491285
Lineups,-1627747-1627777-1628386-1629636-1630171-,C. LeVert - G. Niang - J. Allen - D. Garland - I. Okoro,1610612739,CLE,23,9,14,0.391,160.0,118.3,116.9,120.5,123.9,-2.2,-7.0,0.712,2.61,21.8,0.261,0.643,0.453,0.119,0.589,0.617,95.9,95.13,79.28,320,0.505,55,164,15879,8084,49,5727,10285,8813,5200,1870,4277,6379,9229,9199,8813,5548,5930,12545,7083,479830
Lineups,-1626145-1628398-1629655-1629673-1641731-,T. Jones - K. Kuzma - D. Gafford - J. Poole - B. Coulibaly,1610612764,WAS,29,5,24,0.172,160.0,106.2,104.3,117.2,119.1,-11.0,-14.8,0.662,2.47,19.7,0.193,0.566,0.373,0.109,0.528,0.552,104.8,104.91,87.43,349,0.433,31,511,15897,8980,50,7232,9676,9459,6513,2097,5839,8060,10130,11157,8304,6883,7688,8071,8630,479720
Lineups,-203991-203992-1627749-1629631-1630249-,C. Capela - B. Bogdanovic - D. Murray - D. Hunter - V. Krejci,1610612737,ATL,11,5,6,0.455,158.0,117.9,117.7,109.0,107.2,8.9,10.5,0.585,2.37,18.2,0.341,0.779,0.549,0.11,0.546,0.568,95.7,96.62,80.52,317,0.525,316,511,15552,7888,51,5666,8181,5907,7484,2161,6661,4463,6068,5257,8322,6527,7328,11985,6729,473945
Lineups,-201939-202691-203110-203952-1630228-,S. Curry - K. Thompson - D. Green - A. Wiggins - J. Kuminga,1610612744,GSW,24,13,11,0.542,157.0,115.0,116.1,98.0,98.0,17.0,18.1,0.632,2.23,20.0,0.258,0.704,0.496,0.126,0.578,0.6,105.5,105.06,87.55,341,0.571,45,66,15844,6276,52,5921,5880,5200,6738,2310,4883,6412,7687,8378,9340,5804,6455,7988,5869,472165
Lineups,-201942-202696-1627936-1629632-1630172-,D. DeRozan - N. Vucevic - A. Caruso - C. White - P. Williams,1610612741,CHI,14,8,6,0.571,153.0,116.2,113.3,111.0,112.3,5.3,1.0,0.605,2.23,18.2,0.24,0.777,0.503,0.111,0.549,0.589,98.9,99.59,82.99,316,0.488,183,219,15552,6181,54,6270,8751,6618,7024,2312,6368,7214,6176,6092,8325,6499,6724,10721,7615,458355
Lineups,-203937-1626157-1629638-1629675-1630162-,K. Anderson - K. Towns - N. Alexander-Walker - N. Reid - A. Edwards,1610612750,MIN,43,30,13,0.698,153.0,113.5,110.8,117.1,114.5,-3.6,-3.7,0.656,1.87,18.5,0.276,0.732,0.502,0.135,0.557,0.601,101.1,103.51,86.26,334,0.496,7,6,15875,5367,53,6585,9146,8557,6526,3602,6314,6201,7258,6095,9578,6283,6364,8754,7515,458390
Lineups,-203084-1627734-1628368-1628370-1631099-,H. Barnes - D. Sabonis - D. Fox - M. Monk - K. Murray,1610612758,SAC,36,21,15,0.583,151.0,114.1,115.3,122.2,117.0,-8.0,-1.8,0.551,2.11,16.4,0.324,0.786,0.525,0.108,0.517,0.566,103.5,105.17,87.65,334,0.473,18,24,15886,6174,55,6004,9509,8400,7866,2395,7873,5594,5987,5808,8285,7034,7364,7926,7875,453875
Lineups,-2544-203076-1626156-1627752-1629629-,L. James - A. Davis - D. Russell - T. Prince - C. Reddish,1610612747,LAL,14,9,5,0.643,151.0,107.9,108.8,108.6,108.5,-0.6,0.3,0.731,2.0,21.3,0.215,0.709,0.481,0.148,0.548,0.583,105.3,104.96,87.46,330,0.518,183,164,15354,5936,56,6823,8306,6670,4940,2425,4531,7512,7649,8544,10287,6508,6797,8045,6868,452755
Lineups,-203468-1626204-1627742-1629627-1630529-,C. McCollum - L. Nance Jr. - B. Ingram - Z. Williamson - H. Jones,1610612740,NOP,25,15,10,0.6,150.0,109.5,106.5,114.1,110.9,-4.7,-4.4,0.632,1.84,18.6,0.255,0.727,0.486,0.139,0.527,0.568,97.0,99.77,83.14,310,0.481,40,41,15824,6018,57,7074,8577,8612,6737,3624,6279,6424,7331,8469,9658,6906,7327,10658,7738,449585
Lineups,-203991-203992-1627749-1630180-1630552-,C. Capela - B. Bogdanovic - D. Murray - S. Bey - J. Johnson,1610612737,ATL,20,10,10,0.5,149.0,107.3,107.0,115.6,113.7,-8.3,-6.7,0.561,1.82,15.3,0.367,0.718,0.537,0.12,0.473,0.518,100.4,101.43,84.52,316,0.483,74,128,15824,6304,58,7031,8971,8797,7778,3651,8291,4271,7409,5577,8855,9095,8497,9847,7690,447925
Lineups,-201935-202331-202695-203486-1629611-,J. Harden - P. George - K. Leonard - M. Plumlee - T. Mann,1610612746,LAC,11,9,2,0.818,148.0,132.2,133.2,116.9,117.8,15.3,15.4,0.63,3.41,21.6,0.299,0.716,0.524,0.092,0.631,0.659,96.2,95.39,79.49,295,0.575,316,164,12377,4921,61,4030,9561,5483,6757,1005,4327,5867,7413,5845,7751,4593,4926,12450,5748,443085
Lineups,-202685-203468-1629627-1630529-1630530-,J. Valanciunas - C. McCollum - Z. Williamson - H. Jones - T. Murphy III,1610612740,NOP,21,14,7,0.667,148.0,108.8,110.1,108.2,109.1,0.6,1.0,0.59,2.41,18.8,0.227,0.76,0.479,0.107,0.529,0.549,104.5,103.49,86.24,317,0.503,66,55,15669,5383,60,6618,8334,6617,7454,2123,6144,7347,6307,8606,8280,6874,7782,8764,7105,443180
Lineups,-1626167-1628971-1630167-1630169-1631097-,M. Turner - B. Brown - O. Toppin - T. Haliburton - B. Mathurin,1610612754,IND,20,12,8,0.6,148.0,115.8,118.6,121.6,122.6,-5.8,-4.0,0.642,2.0,19.1,0.304,0.711,0.508,0.134,0.558,0.606,108.2,106.41,88.67,328,0.476,74,79,15743,6018,59,5584,10188,8580,6636,2425,6033,5772,7639,6066,9568,6272,6234,7341,7831,443205
Lineups,-203482-203903-1630534-1631117-1641718-,K. Olynyk - J. Clarkson - O. Agbaji - W. Kessler - K. George,1610612762,UTA,16,11,5,0.688,146.0,110.1,110.0,123.3,122.4,-13.2,-12.4,0.713,1.64,20.4,0.282,0.641,0.49,0.171,0.567,0.616,101.2,101.64,84.7,310,0.478,133,99,15354,5374,62,6622,10172,9254,5199,3910,4830,6162,9269,8431,11201,6067,5944,9756,7775,437795
Lineups,-1630191-1630595-1631093-1631105-1641709-,I. Stewart - C. Cunningham - J. Ivey - J. Duren - A. Thompson,1610612765,DET,14,4,10,0.286,145.0,111.0,110.4,117.9,118.1,-6.8,-7.7,0.655,1.66,18.5,0.326,0.775,0.548,0.157,0.527,0.574,99.8,99.98,83.32,299,0.458,183,709,15824,8666,63,6608,9570,8878,6531,3907,6312,5590,6179,5265,10506,6903,7077,10568,8166,434240
Lineups,-1629640-1630170-1630200-1631110-1641705-,K. Johnson - D. Vassell - T. Jones - J. Sochan - V. Wembanyama,1610612759,SAS,39,12,27,0.308,142.0,117.6,117.4,100.9,96.6,16.6,20.8,0.73,2.5,21.3,0.349,0.689,0.52,0.124,0.565,0.603,106.5,108.96,90.8,322,0.628,13,79,15899,8661,64,5693,5822,4966,4945,1906,4523,4432,7879,5895,8922,6104,6310,6297,4893,424875
Lineups,-201939-202691-203110-203952-1626172-,S. Curry - K. Thompson - D. Green - A. Wiggins - K. Looney,1610612744,GSW,13,5,8,0.385,140.0,109.3,109.0,119.5,118.1,-10.3,-9.1,0.676,1.34,17.3,0.387,0.801,0.581,0.187,0.521,0.563,100.8,101.49,84.57,299,0.458,217,511,15743,8086,65,6813,9569,8988,5454,4464,6922,4040,5506,4474,11539,6990,7401,9827,8144,420000
Lineups,-201942-202696-1629632-1630172-1630245-,D. DeRozan - N. Vucevic - C. White - P. Williams - A. Dosunmu,1610612741,CHI,20,11,9,0.55,139.0,118.9,118.2,106.1,100.7,12.7,17.5,0.699,2.97,21.1,0.264,0.732,0.505,0.101,0.549,0.588,96.5,99.33,82.77,286,0.574,74,99,15795,6261,66,5602,7740,5233,5313,1726,4577,6350,7258,6084,8145,6498,6738,10804,5767,417525
Lineups,-203992-1629027-1630168-1630180-1630552-,B. Bogdanovic - T. Young - O. Okongwu - S. Bey - J. Johnson,1610612737,ATL,19,10,9,0.526,136.0,122.8,123.0,108.3,109.3,14.4,13.7,0.677,2.25,21.0,0.313,0.74,0.54,0.133,0.595,0.635,106.2,105.65,88.04,300,0.581,87,128,15795,6298,67,5016,8416,5628,5450,2268,4649,5667,7168,5460,9451,5450,5428,7680,5650,408885
Lineups,-201587-202699-203954-1626162-1630178-,N. Batum - T. Harris - J. Embiid - K. Oubre Jr. - T. Maxey,1610612755,PHI,12,11,1,0.917,136.0,123.4,123.3,116.0,115.4,7.4,7.9,0.73,2.79,22.3,0.287,0.681,0.495,0.117,0.575,0.619,99.9,100.12,83.44,283,0.545,265,99,4804,4807,68,4976,9233,6145,4944,1768,3896,5939,7968,8382,8722,5870,5888,10475,6341,408460
Lineups,-203991-203992-1627749-1629631-1630552-,C. Capela - B. Bogdanovic - D. Murray - D. Hunter - J. Johnson,1610612737,ATL,24,12,12,0.5,135.0,106.8,104.3,110.3,107.0,-3.6,-2.6,0.706,1.71,20.1,0.246,0.812,0.533,0.163,0.546,0.579,103.7,106.58,88.81,300,0.508,45,79,15864,6304,69,7230,8137,8465,5218,3769,4877,7186,5472,5679,10604,6525,6976,7282,7045,406020
Lineups,-1628384-1628392-1628404-1628973-1628978-,O. Anunoby - I. Hartenstein - J. Hart - J. Brunson - D. DiVincenzo,1610612752,NYK,10,9,1,0.9,131.0,116.3,118.3,104.9,102.7,11.4,15.6,0.593,1.87,19.5,0.322,0.816,0.573,0.148,0.574,0.595,96.0,96.26,80.22,263,0.582,388,164,4804,4812,70,5601,7799,5471,7439,3601,5907,5602,5430,4546,10286,5875,6596,12084,5634,394175
Lineups,-203084-1627734-1628368-1630537-1631099-,H. Barnes - D. Sabonis - D. Fox - C. Duarte - K. Murray,1610612758,SAC,13,7,6,0.538,130.0,107.7,112.2,109.8,110.7,-2.1,1.5,0.549,1.34,17.2,0.366,0.766,0.553,0.185,0.551,0.561,102.7,100.21,83.51,271,0.483,217,280,15552,6278,72,6422,8570,6590,7874,4463,6973,4279,6250,5213,11514,6412,7521,10435,7695,389430
Lineups,-203903-1628374-1628381-1630534-1641718-,J. Clarkson - L. Markkanen - J. Collins - O. Agbaji - K. George,1610612762,UTA,12,5,7,0.417,130.0,111.8,111.8,120.3,119.6,-8.5,-7.8,0.6,1.78,17.3,0.321,0.712,0.506,0.137,0.524,0.561,100.5,100.79,83.99,271,0.442,265,511,15669,7950,71,6450,9700,8882,7029,3685,6911,5603,7637,6081,9627,6954,7520,10171,8477,390030
Lineups,-201144-203497-1626157-1629638-1630162-,M. Conley - R. Gobert - K. Towns - N. Alexander-Walker - A. Edwards,1610612750,MIN,18,14,4,0.778,124.0,109.1,110.6,103.5,103.1,5.6,7.6,0.63,1.66,18.7,0.252,0.739,0.502,0.156,0.555,0.581,101.5,101.03,84.19,263,0.544,99,55,15028,5040,73,6588,7820,6173,6759,3908,6263,6429,7180,6094,10484,6380,6960,10072,6350,373435
Lineups,-201144-203497-203937-1630162-1630183-,M. Conley - R. Gobert - K. Anderson - A. Edwards - J. McDaniels,1610612750,MIN,34,27,7,0.794,123.0,99.1,95.7,111.8,108.2,-12.6,-12.5,0.637,1.49,15.9,0.345,0.744,0.531,0.151,0.454,0.5,97.1,100.44,83.7,258,0.459,22,11,15669,5032,74,9318,8256,9255,6655,4369,7976,4446,7146,5697,10336,9400,9912,10348,8136,368465
Lineups,-201942-202696-203897-1629632-1630172-,D. DeRozan - N. Vucevic - Z. LaVine - C. White - P. Williams,1610612741,CHI,15,6,9,0.4,122.0,115.5,115.9,121.9,121.4,-6.3,-5.5,0.54,2.26,18.2,0.202,0.815,0.493,0.108,0.572,0.597,98.6,98.57,82.14,251,0.453,154,376,15795,7959,75,5937,10037,8697,7931,2267,6662,7586,5433,8393,8282,5890,6518,11201,8249,367430
Lineups,-201935-202331-202695-1626181-1627826-,J. Harden - P. George - K. Leonard - N. Powell - I. Zubac,1610612746,LAC,28,17,11,0.607,121.0,122.8,121.3,102.1,102.9,20.7,18.4,0.634,2.73,20.0,0.23,0.75,0.493,0.101,0.583,0.629,99.0,99.29,82.74,258,0.621,32,31,15844,6017,76,5188,7812,5170,6729,1788,4885,7329,6347,8391,8143,5589,5543,10902,4988,364010
Lineups,-201572-203081-203507-1626192-1627736-,B. Lopez - D. Lillard - G. Antetokounmpo - P. Connaughton - M. Beasley,1610612749,MIL,26,19,7,0.731,120.0,119.8,117.4,100.5,95.7,19.3,21.7,0.66,1.61,17.7,0.225,0.816,0.562,0.145,0.583,0.656,107.5,111.32,92.76,282,0.619,37,26,15669,5291,77,5702,5778,4907,6517,3938,6746,7357,5428,4974,10220,5589,4983,5463,5005,360915
Lineups,-201143-204001-1627759-1628369-1628401-,A. Horford - K. Porzingis - J. Brown - J. Tatum - D. White,1610612738,BOS,20,15,5,0.75,118.0,127.2,123.7,106.9,107.5,20.3,16.2,0.632,3.79,20.2,0.231,0.802,0.522,0.074,0.578,0.616,102.8,103.93,86.61,257,0.592,74,41,15354,5070,79,4950,8200,5426,6738,881,4875,7273,5505,5857,7116,5813,5935,8529,5481,352610
Lineups,-1627747-1627777-1629636-1630171-1630596-,C. LeVert - G. Niang - D. Garland - I. Okoro - E. Mobley,1610612739,CLE,17,11,6,0.647,118.0,119.0,120.0,98.0,96.9,21.1,23.1,0.771,2.0,23.8,0.276,0.688,0.519,0.171,0.639,0.659,101.5,101.66,84.72,245,0.617,117,99,15552,5931,78,5250,5834,4815,4267,2425,3483,6208,7882,5915,11203,4482,4916,9711,5044,353410
Lineups,-1628392-1628404-1628978-1629628-1630193-,I. Hartenstein - J. Hart - D. DiVincenzo - R. Barrett - I. Quickley,1610612752,NYK,14,9,5,0.643,116.0,109.8,110.6,103.6,102.3,6.2,8.2,0.586,1.61,16.7,0.346,0.695,0.514,0.146,0.514,0.551,103.3,103.6,86.33,246,0.519,183,164,15354,5936,80,6593,7786,6126,7481,3935,7054,4440,7806,5983,10230,7068,7723,8714,6850,348880
Lineups,-203995-1628970-1630208-1630544-1641706-,V. Micic - M. Bridges - N. Richards - T. Mann - B. Miller,1610612766,CHA,12,3,9,0.25,115.0,111.3,111.8,121.7,120.7,-10.4,-8.9,0.625,1.82,19.8,0.235,0.67,0.444,0.15,0.573,0.594,92.1,92.2,76.84,220,0.427,265,1045,15795,8704,81,6449,9991,8972,6774,3646,5828,7265,8003,9295,10296,5888,6604,13482,8788,345150
Lineups,-1630595-1631093-1631105-1631323-1641709-,C. Cunningham - J. Ivey - J. Duren - S. Fontecchio - A. Thompson,1610612765,DET,10,2,8,0.2,113.0,108.2,110.3,107.0,106.5,1.2,3.8,0.604,2.29,18.6,0.295,0.791,0.529,0.115,0.518,0.541,104.3,103.5,86.25,243,0.497,388,1678,15743,8908,82,6614,8107,6445,7025,2248,6275,5882,5962,5747,8678,7030,7952,8756,7501,339465
Lineups,-203924-1627763-1629028-1631101-1641739-,J. Grant - M. Brogdon - D. Ayton - S. Sharpe - T. Camara,1610612757,POR,10,5,5,0.5,113.0,107.0,106.8,111.0,113.4,-4.0,-6.7,0.602,1.35,15.6,0.288,0.68,0.468,0.157,0.49,0.556,102.1,101.05,84.2,236,0.443,388,511,15354,6304,83,7044,8947,8774,7027,4462,8082,5934,7969,8825,10495,8966,7596,10069,8459,337750
Lineups,-203995-1628970-1629684-1630544-1641706-,V. Micic - M. Bridges - G. Williams - T. Mann - B. Miller,1610612766,CHA,15,4,11,0.267,111.0,112.4,109.3,126.9,125.8,-14.5,-16.6,0.695,2.06,21.1,0.113,0.647,0.404,0.135,0.593,0.625,100.4,102.26,85.21,237,0.444,154,709,15844,8700,84,6746,10707,9565,5324,2419,4575,8881,9222,10216,9584,5482,5767,9435,8456,333045
Lineups,-202710-1628389-1628997-1629639-1631107-,J. Butler - B. Adebayo - C. Martin - T. Herro - N. Jovic,1610612748,MIA,8,4,4,0.5,109.0,117.2,115.9,111.2,114.0,6.0,1.9,0.652,2.42,19.3,0.228,0.696,0.474,0.109,0.553,0.602,95.9,95.23,79.36,220,0.524,606,709,15028,6304,85,5938,8988,6561,6555,2120,5970,7336,7786,8690,8306,6397,6317,12503,6736,328130
Lineups,-203944-1628404-1628973-1629011-1629656-,J. Randle - J. Hart - J. Brunson - M. Robinson - Q. Grimes,1610612752,NYK,19,10,9,0.526,109.0,102.0,99.6,114.7,111.8,-12.7,-12.2,0.537,1.57,13.8,0.376,0.765,0.539,0.126,0.46,0.477,95.0,97.44,81.2,223,0.432,87,128,15795,6298,86,9221,8696,9242,7953,3971,9106,4099,6254,5468,9335,9284,10166,11672,8648,328085
Lineups,-202699-203954-1626162-1629001-1630178-,T. Harris - J. Embiid - K. Oubre Jr. - D. Melton - T. Maxey,1610612755,PHI,10,8,2,0.8,109.0,116.8,119.7,118.5,118.3,-1.7,1.3,0.619,2.07,18.5,0.245,0.745,0.495,0.121,0.551,0.614,106.9,105.72,88.1,239,0.509,388,219,12377,4934,87,5498,9625,6605,6925,2416,6314,7187,7141,8380,8877,6416,6067,7645,7022,326220
Lineups,-202685-203468-1627742-1630529-1630530-,J. Valančiūnas - C. McCollum - B. Ingram - H. Jones - T. Murphy III,1610612740,NOP,28,18,10,0.643,108.0,116.1,112.2,99.1,96.4,17.0,15.7,0.711,2.88,21.4,0.229,0.815,0.54,0.104,0.57,0.594,97.4,100.49,83.74,230,0.581,32,28,15824,5936,88,6423,5816,5463,5202,1732,4518,7331,5432,5459,8192,6035,6609,10284,5662,325280
Lineups,-201939-202691-1626172-1630228-1641764-,S. Curry - K. Thompson - K. Looney - J. Kuminga - B. Podziemski,1610612744,GSW,18,10,8,0.556,108.0,115.5,113.5,133.4,132.6,-17.9,-19.1,0.701,2.43,20.6,0.293,0.747,0.502,0.122,0.545,0.57,99.9,101.11,84.26,229,0.428,99,128,15743,6234,89,6231,11173,9833,5244,2113,4774,5910,7135,6093,8897,6584,7218,10001,8782,324720
Lineups,-203084-1627734-1628989-1630558-1631099-,H. Barnes - D. Sabonis - K. Huerter - D. Mitchell - K. Murray,1610612758,SAC,18,10,8,0.556,106.0,98.7,95.9,110.6,110.0,-11.9,-14.1,0.741,2.14,19.8,0.193,0.798,0.468,0.127,0.49,0.508,97.6,99.27,82.73,220,0.405,99,128,15743,6234,90,9308,8523,9383,4896,2374,5828,8059,5938,8825,9349,8968,8826,10905,9136,318400
Lineups,-203497-1626157-1629638-1630162-1630183-,R. Gobert - K. Towns - N. Alexander-Walker - A. Edwards - J. McDaniels,1610612750,MIN,25,13,12,0.52,106.0,127.3,122.8,120.1,116.4,7.2,6.4,0.633,2.38,20.9,0.241,0.714,0.505,0.121,0.631,0.662,95.1,98.33,81.94,215,0.537,40,66,15864,6302,91,5022,9288,6271,6733,2152,4661,7212,7415,6083,8862,4592,4855,11276,6497,317775
Lineups,-201143-201950-1628369-1630202-1630573-,A. Horford - J. Holiday - J. Tatum - P. Pritchard - S. Hauser,1610612738,BOS,32,25,7,0.781,105.0,126.9,123.8,107.2,107.0,19.6,16.8,0.692,2.25,20.9,0.309,0.661,0.505,0.133,0.628,0.657,95.6,96.86,80.71,210,0.563,26,15,15669,5039,92,4936,8137,5270,5328,2268,4677,5714,9144,6086,9451,4612,4968,11894,5975,315935
Lineups,-1626167-1627783-1629614-1630169-1631097-,M. Turner - P. Siakam - A. Nembhard - T. Haliburton - B. Mathurin,1610612754,IND,9,6,3,0.667,104.0,108.9,108.4,109.4,108.3,-0.6,0.2,0.63,2.07,18.5,0.268,0.711,0.491,0.124,0.51,0.552,104.7,105.51,87.92,225,0.519,486,376,14293,5383,93,6853,8259,6679,6756,2415,6284,6303,7641,8416,8924,7088,7690,7751,6847,310500
Lineups,-1627749-1629027-1630168-1630180-1630552-,D. Murray - T. Young - O. Okongwu - S. Bey - J. Johnson,1610612737,ATL,14,8,6,0.571,103.0,121.3,119.9,118.7,119.4,2.6,0.5,0.681,2.3,19.2,0.318,0.704,0.516,0.119,0.536,0.596,104.8,105.09,87.58,226,0.505,183,219,15552,6181,94,5493,9693,6657,5423,2247,6014,5627,7686,5971,8823,6738,6539,7981,7074,310355
Lineups,-1629640-1630170-1631103-1631110-1641705-,K. Johnson - D. Vassell - M. Branham - J. Sochan - V. Wembanyama,1610612759,SAS,13,5,8,0.385,103.0,100.7,101.3,104.6,103.9,-3.9,-2.6,0.671,1.5,18.4,0.222,0.737,0.486,0.167,0.518,0.551,106.9,106.87,89.06,228,0.483,217,511,15743,8086,95,7349,7875,8463,5462,4000,6322,7366,7183,8459,10617,7026,7724,7117,7711,307875
Lineups,-203471-1627751-1627783-1628384-1629018-,D. Schroder - J. Poeltl - P. Siakam - O. Anunoby - G. Trent Jr.,1610612761,TOR,24,10,14,0.417,102.0,105.1,100.4,119.3,115.5,-14.2,-15.1,0.648,1.97,18.8,0.264,0.765,0.482,0.133,0.523,0.541,100.8,104.84,87.36,226,0.43,45,128,15879,7950,97,7358,9238,9484,6573,3556,6150,6353,6254,8540,9448,6969,7968,8100,8670,305620
Lineups,-203914-204060-1628371-1629021-1630175-,G. Harris - J. Ingles - J. Isaac - M. Wagner - C. Anthony,1610612753,ORL,18,13,5,0.722,102.0,108.7,105.8,104.9,101.8,3.8,4.0,0.671,1.46,18.2,0.384,0.75,0.568,0.174,0.542,0.581,102.0,104.97,87.47,224,0.54,99,66,15354,5300,99,7133,7764,6433,5462,4372,6367,4080,6347,4867,11261,6614,6955,8042,6426,305235
Lineups,-203944-1628392-1628973-1628978-1629628-,J. Randle - I. Hartenstein - J. Brunson - D. DiVincenzo - R. Barrett,1610612752,NYK,10,4,6,0.4,102.0,112.2,117.0,125.9,127.4,-13.7,-10.4,0.57,1.56,16.6,0.384,0.758,0.559,0.152,0.515,0.573,107.1,104.27,86.89,224,0.468,388,709,15552,7959,96,5724,10851,9121,7737,3983,7858,4079,6326,4996,10346,7055,7098,8373,7951,305910
Lineups,-1628970-1628998-1630208-1630544-1641706-,M. Bridges - C. Martin - N. Richards - T. Mann - B. Miller,1610612766,CHA,8,5,3,0.625,102.0,101.7,102.4,109.9,109.0,-8.2,-6.6,0.655,1.72,19.2,0.238,0.676,0.46,0.155,0.508,0.532,98.2,98.26,81.89,206,0.461,606,511,14293,5964,98,7317,8333,8769,6536,3768,5973,7223,7985,9034,10479,7096,8226,11302,8110,305550
Lineups,-1629048-1629643-1630591-1631094-1631216-,G. Bitadze - C. Okeke - J. Suggs - P. Banchero - C. Houstan,1610612753,ORL,8,2,6,0.25,101.0,109.6,112.4,112.9,113.2,-3.3,-0.8,0.518,2.26,15.8,0.316,0.818,0.532,0.098,0.503,0.519,93.9,92.59,77.16,193,0.458,606,1678,15552,8704,101,6417,8915,8332,8013,2265,8070,5647,5371,5690,7893,7110,8482,13365,8163,303280
Lineups,-2544-203076-1627752-1629629-1630559-,L. James - A. Davis - T. Prince - C. Reddish - A. Reaves,1610612747,LAL,12,6,6,0.5,101.0,111.6,112.3,123.5,124.8,-11.9,-12.5,0.714,2.41,21.5,0.255,0.756,0.484,0.127,0.548,0.577,102.4,101.61,84.67,212,0.457,265,376,15552,6304,102,6419,10308,9301,5020,2125,4362,6425,6338,8498,9353,6500,7031,9761,8183,301870
Lineups,-1628983-1629652-1630198-1631096-1631114-,S. Gilgeous-Alexander - L. Dort - I. Joe - C. Holmgren - J. Williams,1610612760,OKC,37,28,9,0.757,101.0,126.6,122.3,108.8,106.3,17.8,16.0,0.42,1.83,13.6,0.248,0.708,0.472,0.095,0.57,0.641,106.8,110.04,91.7,242,0.601,15,8,15795,5068,100,5044,8098,5441,10071,3643,9157,7184,7650,8748,7797,6026,5320,5924,5259,304245
Lineups,-203468-1626204-1629627-1630529-1630530-,C. McCollum - L. Nance Jr. - Z. Williamson - H. Jones - T. Murphy III,1610612740,NOP,15,8,7,0.533,100.0,122.3,124.2,112.6,108.8,9.7,15.5,0.616,2.79,19.3,0.245,0.788,0.494,0.096,0.576,0.615,95.5,96.46,80.38,198,0.552,154,219,15669,6291,103,4917,8326,5479,6934,1766,5959,7190,5984,8385,7844,5857,6066,12027,6203,300810
Lineups,-1630165-1630191-1630595-1631105-1641709-,K. Hayes - I. Stewart - C. Cunningham - J. Duren - A. Thompson,1610612765,DET,8,2,6,0.25,100.0,101.5,101.8,109.8,112.0,-8.2,-10.1,0.731,1.48,21.3,0.34,0.721,0.54,0.212,0.532,0.551,105.2,104.02,86.69,217,0.485,606,1678,15552,8704,104,7341,8723,9108,4941,4370,4524,4464,7386,5458,12426,6820,7734,8495,7675,300395
